slide_id,subject_UID,subject_organ_UID,EXP_ID,GROUP_ID,INDIVIDUAL_ID,COMPOUND_NAME,compound_name_clean,compound_folder_name,ORGAN,FILE_LOCATION,CAPTURE_NO,SPECIES,SINGLE_REPEAT_TYPE,ADMINISTRATION_ROUTE_TYPE,ANIMAL_AGE(week),SACRIFICE_PERIOD,DOSE,DOSE_UNIT,bad_UID,findings,abnormal,HasHypertrophy,Location,Severity
64601,0688_16_5,0688_16_5_L,688,16,5,butylated hydroxyanisole,butylated_hydroxyanisole,butylated_hydroxyanisole,Liver,/data/RBS_PA_CPGARCHIVE/archives/toxicology/open-tg-gates/images/butylated_hydroxyanisole/Liver/64601.svs,1/1,Rat,Repeat,Gavage,6,29 day,2000,mg/kg,False,"[['Hypertrophy', 'Centrilobular', 'minimal', False]]",1,1,Centrilobular,minimal
29061,0197_16_4,0197_16_4_L,197,16,4,coumarin,coumarin,coumarin,Liver,/data/RBS_PA_CPGARCHIVE/archives/toxicology/open-tg-gates/images/coumarin/Liver/29061.svs,1/1,Rat,Repeat,Gavage,6,29 day,150,mg/kg,False,"[['Degeneration: vacuolar', 'Centrilobular', 'slight', False], ['Hypertrophy', 'Centrilobular', 'slight', False], ['Inclusion body: intracytoplasmic', 'Hepatocyte', 'moderate', False], ['Single cell necrosis', 'Hepatocyte', 'minimal', False]]",1,1,Centrilobular,slight
29059,0197_16_3,0197_16_3_L,197,16,3,coumarin,coumarin,coumarin,Liver,/data/RBS_PA_CPGARCHIVE/archives/toxicology/open-tg-gates/images/coumarin/Liver/29059.svs,1/1,Rat,Repeat,Gavage,6,29 day,150,mg/kg,False,"[['Degeneration: vacuolar', 'Centrilobular', 'slight', False], ['Hypertrophy', 'Centrilobular', 'slight', False], ['Inclusion body: intracytoplasmic', 'Hepatocyte', 'moderate', False], ['Single cell necrosis', 'Hepatocyte', 'minimal', False]]",1,1,Centrilobular,slight
31083,0242_10_4,0242_10_4_L,242,10,4,methyltestosterone,methyltestosterone,methyltestosterone,Liver,/data/RBS_PA_CPGARCHIVE/archives/toxicology/open-tg-gates/images/methyltestosterone/Liver/31083.svs,1/1,Rat,Repeat,Gavage,6,8 day,100,mg/kg,False,[],0,0,,
25668,0093_15_2,0093_15_2_L,93,15,2,phenobarbital,phenobarbital,phenobarbital,Liver,/data/RBS_PA_CPGARCHIVE/archives/toxicology/open-tg-gates/images/phenobarbital/Liver/25668.svs,1/1,Rat,Repeat,Gavage,6,15 day,100,mg/kg,False,"[['Ground glass appearance', 'Centrilobular', 'slight', False], ['Hypertrophy', 'Centrilobular', 'moderate', False]]",1,1,Centrilobular,moderate
35151,0350_14_1,0350_14_1_L,350,14,1,quinidine,quinidine,quinidine,Liver,/data/RBS_PA_CPGARCHIVE/archives/toxicology/open-tg-gates/images/quinidine/Liver/35151.svs,1/1,Rat,Repeat,Gavage,6,8 day,200,mg/kg,False,"[['Hypertrophy', 'Centrilobular', 'slight', False]]",1,1,Centrilobular,slight
46647,0117_02_5,0117_02_5_L,117,2,5,thioacetamide,thioacetamide,thioacetamide,Liver,/data/RBS_PA_CPGARCHIVE/archives/toxicology/open-tg-gates/images/thioacetamide/Liver/46647.svs,1/1,Rat,Repeat,Gavage,6,8 day,0,mg/kg,False,[],0,0,,
60043,0457_07_1,0457_07_1_L,457,7,1,buthionine sulfoximine,buthionine_sulfoximine,buthionine_sulfoximine,Liver,/data/RBS_PA_CPGARCHIVE/archives/toxicology/open-tg-gates/images/buthionine_sulfoximine/Liver/60043.svs,1/1,Rat,Single,intraperitoneal injection,6,9 hr,150,mg/kg,False,[],0,0,,
64840,0691_01_4,0691_01_4_L,691,1,4,amphotericin B,amphotericin_B,amphotericin_B,Liver,/data/RBS_PA_CPGARCHIVE/archives/toxicology/open-tg-gates/images/amphotericin_B/Liver/64840.svs,1/1,Rat,Repeat,intravenous injection,6,4 day,0,mg/kg,False,"[['Necrosis', nan, 'minimal', True]]",1,0,,
6000,0155_09_2,0155_09_2_L,155,9,2,benzbromarone,benzbromarone,benzbromarone,Liver,/data/RBS_PA_CPGARCHIVE/archives/toxicology/open-tg-gates/images/benzbromarone/Liver/6000.svs,1/1,Rat,Repeat,Gavage,6,4 day,60,mg/kg,False,"[['Hypertrophy', 'Centrilobular', 'slight', False]]",1,1,Centrilobular,slight
47703,0492_06_4,0492_06_4_L,492,6,4,disulfiram,disulfiram,disulfiram,Liver,/data/RBS_PA_CPGARCHIVE/archives/toxicology/open-tg-gates/images/disulfiram/Liver/47703.svs,1/1,Rat,Repeat,Gavage,6,8 day,60,mg/kg,False,[],0,0,,
35736,0389_16_2,0389_16_2_L,389,16,2,erythromycin ethylsuccinate,erythromycin_ethylsuccinate,erythromycin_ethylsuccinate,Liver,/data/RBS_PA_CPGARCHIVE/archives/toxicology/open-tg-gates/images/erythromycin_ethylsuccinate/Liver/35736.svs,1/1,Rat,Repeat,Gavage,6,29 day,1000,mg/kg,False,"[['Hypertrophy', 'Centrilobular', 'slight', False]]",1,1,Centrilobular,slight
63420,0684_16_2,0684_16_2_L,684,16,2,fluoxetine hydrochloride,fluoxetine_hydrochloride,fluoxetine_hydrochloride,Liver,/data/RBS_PA_CPGARCHIVE/archives/toxicology/open-tg-gates/images/fluoxetine_hydrochloride/Liver/63420.svs,1/1,Rat,Repeat,Gavage,6,29 day,30,mg/kg,False,"[['Hypertrophy', 'Hepatocyte', 'minimal', False], ['Vacuolization: cytoplasmic', 'Hepatocyte', 'minimal', False]]",1,1,Hepatocyte,minimal
6308,0154_07_1,0154_07_1_L,154,7,1,benzbromarone,benzbromarone,benzbromarone,Liver,/data/RBS_PA_CPGARCHIVE/archives/toxicology/open-tg-gates/images/benzbromarone/Liver/6308.svs,1/1,Rat,Single,Gavage,6,9 hr,20,mg/kg,False,[],0,0,,
71057,0454_01_5,0454_01_5_L,454,1,5,cycloheximide,cycloheximide,cycloheximide,Liver,/data/RBS_PA_CPGARCHIVE/archives/toxicology/open-tg-gates/images/cycloheximide/Liver/71057.svs,1/1,Rat,Single,intravenous injection,6,3 hr,0,mg/kg,False,[],0,0,,
47816,0492_11_2,0492_11_2_L,492,11,2,disulfiram,disulfiram,disulfiram,Liver,/data/RBS_PA_CPGARCHIVE/archives/toxicology/open-tg-gates/images/disulfiram/Liver/47816.svs,1/1,Rat,Repeat,Gavage,6,15 day,200,mg/kg,False,"[['Hypertrophy', 'Centrilobular', 'slight', False]]",1,1,Centrilobular,slight
25644,0093_12_5,0093_12_5_L,93,12,5,phenobarbital,phenobarbital,phenobarbital,Liver,/data/RBS_PA_CPGARCHIVE/archives/toxicology/open-tg-gates/images/phenobarbital/Liver/25644.svs,1/1,Rat,Repeat,Gavage,6,29 day,30,mg/kg,False,"[['Ground glass appearance', 'Centrilobular', 'minimal', False], ['Hypertrophy', 'Centrilobular', 'slight', False]]",1,1,Centrilobular,slight
59801,0449_07_1,0449_07_1_L,449,7,1,TNF¿,TNF__,TNF¿,Liver,/data/RBS_PA_CPGARCHIVE/archives/toxicology/open-tg-gates/images/TNFa/Liver/59801.svs,1/1,Rat,Single,intraperitoneal injection,6,9 hr,1,Êg/kg,False,[],0,0,,
70830,0606_16_1,0606_16_1_L,606,16,1,puromycin aminonucleoside,puromycin_aminonucleoside,puromycin_aminonucleoside,Liver,/data/RBS_PA_CPGARCHIVE/archives/toxicology/open-tg-gates/images/puromycin_aminonucleoside/Liver/70830.svs,1/1,Rat,Single,intravenous injection,6,24 hr,120,mg/kg,False,"[['Hypertrophy', 'Centrilobular', 'slight', False]]",1,1,Centrilobular,slight
65135,0712_01_1,0712_01_1_L,712,1,1,2-nitrofluorene,2_nitrofluorene,2-nitrofluorene,Liver,/data/RBS_PA_CPGARCHIVE/archives/toxicology/open-tg-gates/images/2-nitrofluorene/Liver/65135.svs,1/1,Rat,Single,Gavage,6,24 hr,0,mg/kg,False,[],0,0,,
6039,0155_11_4,0155_11_4_L,155,11,4,benzbromarone,benzbromarone,benzbromarone,Liver,/data/RBS_PA_CPGARCHIVE/archives/toxicology/open-tg-gates/images/benzbromarone/Liver/6039.svs,1/1,Rat,Repeat,Gavage,6,15 day,60,mg/kg,False,"[['Ground glass appearance', 'Centrilobular', 'minimal', False], ['Hypertrophy', 'Centrilobular', 'slight', False]]",1,1,Centrilobular,slight
13057,0303_08_4,0303_08_4_L,303,8,4,chlormezanone,chlormezanone,chlormezanone,Liver,/data/RBS_PA_CPGARCHIVE/archives/toxicology/open-tg-gates/images/chlormezanone/Liver/13057.svs,1/1,Rat,Repeat,Gavage,6,29 day,50,mg/kg,False,"[['Hypertrophy', 'Centrilobular', 'minimal', False]]",1,1,Centrilobular,minimal
38209,0442_16_1,0442_16_1_L,442,16,1,sulindac,sulindac,sulindac,Liver,/data/RBS_PA_CPGARCHIVE/archives/toxicology/open-tg-gates/images/sulindac/Liver/38209.svs,1/1,Rat,Single,Gavage,6,24 hr,150,mg/kg,False,"[['Hypertrophy', 'Periportal', 'minimal', False]]",1,1,Periportal,minimal
41726,0511_06_1,0511_06_1_L,511,6,1,acarbose,acarbose,acarbose,Liver,/data/RBS_PA_CPGARCHIVE/archives/toxicology/open-tg-gates/images/acarbose/Liver/41726.svs,1/1,Rat,Repeat,Gavage,6,8 day,100,mg/kg,False,[],0,0,,
48029,0589_06_1,0589_06_1_L,589,6,1,ethanol,ethanol,ethanol,Liver,/data/RBS_PA_CPGARCHIVE/archives/toxicology/open-tg-gates/images/ethanol/Liver/48029.svs,1/1,Rat,Repeat,Gavage,6,8 day,400,mg/kg,False,[],0,0,,
34465,0319_16_1,0319_16_1_L,319,16,1,iproniazid,iproniazid,iproniazid,Liver,/data/RBS_PA_CPGARCHIVE/archives/toxicology/open-tg-gates/images/iproniazid/Liver/34465.svs,1/1,Rat,Repeat,Gavage,6,29 day,60,mg/kg,False,"[['Deposit: pigment', 'Kupffer cell', 'moderate', False], ['Hematopoiesis: extramedullary', 'Sinusoid', 'slight', False], ['Hypertrophy', 'Hepatocyte', 'slight', False], ['Phagocytosis', 'Kupffer cell', 'slight', False]]",1,1,Hepatocyte,slight
38404,0443_02_2,0443_02_2_L,443,2,2,sulindac,sulindac,sulindac,Liver,/data/RBS_PA_CPGARCHIVE/archives/toxicology/open-tg-gates/images/sulindac/Liver/38404.svs,1/1,Rat,Repeat,Gavage,6,8 day,0,mg/kg,False,[],0,0,,
42323,0525_06_1,0525_06_1_L,525,6,1,triazolam,triazolam,triazolam,Liver,/data/RBS_PA_CPGARCHIVE/archives/toxicology/open-tg-gates/images/triazolam/Liver/42323.svs,1/1,Rat,Repeat,Gavage,6,8 day,100,mg/kg,False,[],0,0,,
47811,0492_11_1,0492_11_1_L,492,11,1,disulfiram,disulfiram,disulfiram,Liver,/data/RBS_PA_CPGARCHIVE/archives/toxicology/open-tg-gates/images/disulfiram/Liver/47811.svs,1/1,Rat,Repeat,Gavage,6,15 day,200,mg/kg,False,"[['Hypertrophy', 'Centrilobular', 'slight', False]]",1,1,Centrilobular,slight
57753,0428_01_2,0428_01_2_L,428,1,2,theophylline,theophylline,theophylline,Liver,/data/RBS_PA_CPGARCHIVE/archives/toxicology/open-tg-gates/images/theophylline/Liver/57753.svs,1/1,Rat,Repeat,Gavage,6,4 day,0,mg/kg,False,[],0,0,,
62954,0664_07_1,0664_07_1_L,664,7,1,dexamethasone,dexamethasone,dexamethasone,Liver,/data/RBS_PA_CPGARCHIVE/archives/toxicology/open-tg-gates/images/dexamethasone/Liver/62954.svs,1/1,Rat,Single,Gavage,6,9 hr,1,mg/kg,False,[],0,0,,
18824,0318_16_4,0318_16_4_L,318,16,4,iproniazid,iproniazid,iproniazid,Liver,/data/RBS_PA_CPGARCHIVE/archives/toxicology/open-tg-gates/images/iproniazid/Liver/18824.svs,1/1,Rat,Single,Gavage,6,24 hr,60,mg/kg,False,[],0,0,,
31135,0242_16_4,0242_16_4_L,242,16,4,methyltestosterone,methyltestosterone,methyltestosterone,Liver,/data/RBS_PA_CPGARCHIVE/archives/toxicology/open-tg-gates/images/methyltestosterone/Liver/31135.svs,1/1,Rat,Repeat,Gavage,6,29 day,300,mg/kg,False,"[['Hypertrophy', 'Hepatocyte', 'slight', False]]",1,1,Hepatocyte,slight
59004,0480_01_1,0480_01_1_L,480,1,1,phalloidin,phalloidin,phalloidin,Liver,/data/RBS_PA_CPGARCHIVE/archives/toxicology/open-tg-gates/images/phalloidin/Liver/59004.svs,1/1,Rat,Single,intraperitoneal injection,6,3 hr,0,mg/kg,False,[],0,0,,
33707,0305_16_4,0305_16_4_L,305,16,4,ethinylestradiol,ethinylestradiol,ethinylestradiol,Liver,/data/RBS_PA_CPGARCHIVE/archives/toxicology/open-tg-gates/images/ethinylestradiol/Liver/33707.svs,1/1,Rat,Repeat,Gavage,6,29 day,10,mg/kg,False,"[['Change: eosinophilic', 'Periportal', 'slight', False], ['Hypertrophy', 'Centrilobular', 'minimal', False], ['Proliferation: Kupffer cell', nan, 'minimal', False], ['Vacuolization: cytoplasmic', 'Hepatocyte', 'minimal', False]]",1,1,Centrilobular,minimal
64307,0687_16_4,0687_16_4_L,687,16,4,butylated hydroxyanisole,butylated_hydroxyanisole,butylated_hydroxyanisole,Liver,/data/RBS_PA_CPGARCHIVE/archives/toxicology/open-tg-gates/images/butylated_hydroxyanisole/Liver/64307.svs,1/1,Rat,Single,Gavage,6,24 hr,2000,mg/kg,False,[],0,0,,
46747,0117_09_4,0117_09_4_L,117,9,4,thioacetamide,thioacetamide,thioacetamide,Liver,/data/RBS_PA_CPGARCHIVE/archives/toxicology/open-tg-gates/images/thioacetamide/Liver/46747.svs,1/1,Rat,Repeat,Gavage,6,4 day,15,mg/kg,False,"[['Change: eosinophilic', 'Hepatocyte', 'minimal', False], ['Hypertrophy', 'Centrilobular', 'minimal', False]]",1,1,Centrilobular,minimal
33951,0366_15_2,0366_15_2_L,366,15,2,imipramine,imipramine,imipramine,Liver,/data/RBS_PA_CPGARCHIVE/archives/toxicology/open-tg-gates/images/imipramine/Liver/33951.svs,1/1,Rat,Repeat,Gavage,6,15 day,100,mg/kg,False,"[['Hypertrophy', 'Hepatocyte', 'minimal', False], ['Vacuolization: cytoplasmic', 'Kupffer cell', 'minimal', False]]",1,1,Hepatocyte,minimal
50265,0597_16_2,0597_16_2_L,597,16,2,phenylanthranilic acid,phenylanthranilic_acid,phenylanthranilic_acid,Liver,/data/RBS_PA_CPGARCHIVE/archives/toxicology/open-tg-gates/images/phenylanthranilic_acid/Liver/50265.svs,1/1,Rat,Single,Gavage,6,24 hr,2000,mg/kg,False,"[['Change: eosinophilic', 'Hepatocyte', 'slight', False], ['Increased mitosis', nan, 'minimal', False]]",1,0,,
38222,0462_16_4,0462_16_4_L,462,16,4,disopyramide,disopyramide,disopyramide,Liver,/data/RBS_PA_CPGARCHIVE/archives/toxicology/open-tg-gates/images/disopyramide/Liver/38222.svs,1/1,Rat,Single,Gavage,6,24 hr,400,mg/kg,False,[],0,0,,
